,Race,Gender
00001-CSN_Philadelphia-John_Clark.png,White,Male
00002-FOX-Julie_Oberlander.png,White,Female
00003-FOX-Jack_Caudill.png,White,Male
00004-FOX-Taylor_Nicolaisen.png,White,Male
00005-FOX-Lauren_Elise.png,White,Female
00006-FOX-Ben_Hill.png,White,Male
00007-FOX-Nicole_Papay.png,White,Female
00008-FOX-Diana_Watson.png,White,Female
00009-FOX-Cody_Alcorn.png,White,Male
00010-FOX-Kendra_Kent.png,White,Female
00011-FOX_11-Concetta_Callahan.png,White,Female
00012-FOX_25-Jeff_George.png,White,Male
00013-FOX_29-Alex_Garcia.png,White,Male
00014-FOX_29-Michael_Valdes.png,White,Male
00015-FOX_29-Cynthia_Lee.png,White,Female
00016-FOX_29-Shaun_Stevens.png,White,Male
00017-FOX_31-Jeremy_Hubbard.png,White,Male
00018-FOX_8-Emily_Byrd.png,White,Female
00019-FOX_8-Katie_Nordeen.png,White,Female
00020-FOX_8-Cindy_Farmer.png,White,Female
00021-FOX_8-Brad_Jones.png,White,Male
00022-FOX_8-Kerry_Charles.png,Asian,Male
00023-FOX_8-Julie_Grant.png,White,Female
00024-FOX_8-Neill_McNeill.png,White,Male
00025-FOX_8-Van_Denton.png,White,Male
00026-FOX2-Julie_Haener.png,White,Female
00027-FOX2-Gasia_Mikaelian.png,White,Female
00028-KCNC-Jim_Benemann.png,White,Male
00029-KCNC-Karen_Leigh.png,White,Female
00030-KENS-Barry_Davis.png,White,Male
00031-KENS-Sarah_Forgany.png,White,Female
00032-KENS-Karen_Grace.png,White,Female
00033-KENS-Deborah_Knapp.png,White,Female
00034-KENS-Sarah_Lucero.png,White,Female
00035-KENS-Jared_Silverman.png,White,Male
00036-KENS-Bill_Taylor.png,White,Male
00037-KENS-Vinnie_Vinzetta.png,White,Male
00038-KENS-Mat_Garcia.png,White,Male
00039-KENS-Danielle_Saar.png,White,Female
00040-KENS-Paul_Mireles.png,White,Male
00041-KENS-Jeff_Goldblatt.png,White,Male
00042-KENS-Stacia_Willson.png,White,Female
00043-KENS-Mayra_Moreno.png,White,Female
00044-KENS-Phil_Anaya.png,White,Male
00045-KETV-Amanda_Crawford.png,White,Female
00046-KETV-Melissa_Fry.png,White,Female
00047-KETV-Kyle_Gravlin.png,White,Male
00048-KETV-Alex_Hoffman.png,White,Female
00049-KETV-Jeremy_Maskel.png,White,Male
00050-KETV-Holly_McCarthy.png,White,Female
00051-KETV-Rob_McCartney.png,White,Male
00052-KETV-John_Oakey.png,White,Male
00053-KETV-Bill_Randby.png,White,Male
00054-KETV-Matt_Serwe.png,White,Male
00055-KETV-Adrian_Whitsett.png,White,Male
00056-KETV-Jobeth_Devera.png,White,Female
00057-KETV-Brandi_Petersen.png,White,Female
00058-KETV-David_Earl.png,White,Male
00059-KFOR-Meg_Alexander.png,White,Female
00060-KFOR-Mike_Morgan.png,White,Male
00061-KFOR-Kent_Ogle.png,White,Male
00062-KFOR-Lance_West.png,White,Male
00063-KFOR-Ali_Meyer.png,White,Female
00064-KFVS-Brian_Alworth.png,White,Male
00065-KFVS-Jim_Burns.png,White,Male
00066-KFVS-Jeff_Cunningham.png,White,Male
00067-KFVS-Mary-Ann_Maloney.png,White,Female
00068-KFVS-Kathy_Sweeney.png,White,Female
00069-KFVS-Laura_Wibbenmeyer.png,White,Female
00070-KFVS-Grant_Dade.png,White,Male
00071-KFVS-Crystal_Britt.png,White,Female
00072-KFVS-Mollie_Lair.png,White,Female
00073-KFVS-Bryan_McCormick.png,White,Male
00074-KGO-Ama_Daetz.png,White,Female
00075-KGO-Cheryl_Jennings.png,White,Female
00076-KGO-Carolyn_Johnson.png,White,Female
00077-KGO-Kristen_Sze.png,Asian,Female
00078-KGUN-Stella_Inger.png,White,Female
00079-KGUN-Guy_Atchley.png,White,Male
00080-KGUN-April_Madison.png,White,Female
00081-KGUN-Corinne_Hautala.png,White,Female
00082-KGUN-Greg_Gurule¡¯.png,White,Male
00083-KHOU-David_Paul.png,White,Male
00084-KHOU-Len_Cannon.png,Black,Male
00085-KHOU-Lisa_Hernandez.png,White,Female
00086-KHOU-Greg_Hurst.png,White,Male
00087-KLAS-Cale_Ramaker.png,White,Male
00088-KMGH-Mitch_Jelniker.png,White,Male
00089-KMGH-Anne_Trujillo.png,White,Female
00090-KMGH-Mike_Landess.png,White,Male
00091-KMTV-Deanne_Brink.png,White,Female
00092-KMTV-Jennifer_Griswold.png,White,Female
00093-KMTV-Ryan_McPike.png,White,Male
00094-KMTV-Matt_Monroe.png,White,Male
00095-KMTV-Craig_Nigrelli.png,White,Male
00096-KMTV-Justin_Pazera.png,White,Male
00097-KMTV-John_Walsh.png,White,Male
00098-KMTV-Meghan_Matthews.png,White,Female
00099-KMTV-Jim_Flowers.png,White,Male
00100-KNBN-Shad_Olson.png,White,Male
00101-KNBN-Bob_Riggio.png,White,Male
00102-KNTV-Jessica_Aguirre.png,White,Female
00103-KNTV-Janelle_Wang.png,Asian,Female
00104-KOCO-Wendell_Edwards.png,White,Male
00105-KOCO-Paul_Folger.png,White,Male
00106-KOCO-Jessica_Schambach.png,White,Female
00107-KOCO-Dan_Thomas.png,White,Male
00108-KOCO-Brad_Sowder.png,White,Male
00109-KOCO-Abigail_Ogle.png,White,Female
00110-KOCO-Morgan_Chesky.png,White,Male
00111-KOCO-Erielle_Reshef.png,White,Female
00112-KOCO-Damon_Lane.png,White,Male
00113-KOCO-Danielle_Dozier.png,White,Female
00114-KOCO-Jonathan_Conder.png,White,Male
00115-KOFR-Emily_Sutton.png,White,Female
00116-KOLD-Erin_Jordan.png,White,Female
00117-KOLD-Teresa_Jun.png,Asian,Female
00118-KOLD-Dan_Marries.png,White,Male
00119-KOLD-Heather_Rowe.png,White,Female
00120-KOLD-Mark_Stine.png,White,Male
00121-KOLD-Craig_Thomas.png,White,Male
00122-KOLR_KOZL-Jennifer_Kielman.png,White,Female
00123-KOLR_KOZL-Rob_Evans.png,White,Male
00124-KOLR_KOZL-David_Oliver.png,White,Male
00125-KOLR_KOZL-Chris_Smith.png,White,Male
00126-KOLR_KOZL-Jamie_Warriner.png,White,Male
00127-KOLR_KOZL-Dan_Lucy.png,White,Male
00129-KOLR_KOZL-Shannon_Miller.png,White,Female
00130-KOLR_KOZL-Lindsey_Day.png,White,Female
00131-KOLR_KOZL-Tom_Trtan.png,White,Male
00132-KOTA-Helene_Duhamel.png,White,Female
00133-KOTA-Eric_Gardner.png,White,Male
00134-KOTA-Alicia_Garcia.png,White,Female
00135-KOTA-Katy_Urban.png,White,Female
00136-KOTA-Mike_Modrick.png,White,Male
00137-KPIX-Elizabeth_Cook.png,White,Female
00138-KPIX-Michelle_Griego.png,White,Female
00140-KPRC-Dominique_Sachse.png.jpg.nodet,White,Female
00141-KPRC-Frank_Billingsley.png,White,Male
00142-KPRC-Bill_Read.png,White,Male
00143-KRON4-Pam_Moore.png,White,Female
00144-KSAT-Mark_Austin.png,White,Male
00145-KSAT-Steve_Browne.png,White,Male
00146-KSAT-Detective_Robert_Dart.png,White,Male
00147-KSAT-Leslie_Mouton.png,White,Female
00148-KSAT-Ursula_Pari.png,White,Female
00149-KSAT-Larry_Ramirez.png,White,Male
00150-KSAT-Steve_Spriester.png,White,Male
00151-KSAT-Isis_Romero.png,White,Female
00152-KSAT-Mike_Osterhage.png,White,Male
00153-KSAT-David_Sears.png,White,Male
00154-KSAT-Charles_Gonzalez.png,White,Male
00155-KSAT-Eileen_Gonzales.png,White,Female
00157-KSAT-Justin_Horne.png,White,Male
00158-KSNV-Dana_Wagner.png,White,Male
00159-KSNV-Kim_Wagner.png,White,Female
00160-KSNV-Tom_Hawley.png,White,Male
00161-KSPR-Jerry_Jacob.png,White,Male
00162-KSPR-Hugh_Keeton.png,White,Male
00163-KSPR-Kevin_Lighty.png,White,Male
00164-KSPR-Lauren_Matter.png,White,Female
00165-KSPR-Leigh_Moody.png,White,Female
00166-KSPR-Mike_Scott.png,White,Male
00167-KSPR-Bobby_Older.png,White,Male
00168-KSPR-Melody_Pettit.png,White,Female
00169-KSPR-Adam_Hooper.png,White,Male
00170-KSPR-Bob_Trihy.png,White,Male
00171-KSPR-Lindsey_Slater.png,White,Female
00172-KTNV-Casey_Smith.png,White,Male
00173-KTNV-Beth_Fisher.png,White,Female
00174-KTNV-Jessica_Janner.png,White,Female
00175-KTNV-Micah_Manalo.png,White,Male
00176-KTNV-Spencer_Lubitz.png,White,Male
00177-KTNV-Don_Guevara.png,White,Male
00178-KTNV-Greg_Bennett.png,White,Male
00179-KTRK-Ilona_Carson.png,White,Female
00180-KTRK-Dave_Ward.png,White,Male
00181-KTRK-Gina_Gaston.png,Black,Female
00182-KTRK-Melanie_Lawson.png,White,Female
00183-KTRK-Art_Rascon.png,White,Male
00184-KTRK-Erik_Barajas.png,White,Male
00187-KUSA-Kyle_Clark.png,White,Male
00188-KVOA-Jeff_Beamish.png,White,Male
00189-KVOA-John_Overall.png,White,Male
00190-KVOA-Danielle_Lerner.png,White,Female
00191-KVOA-Kristi_Tedesco.png,White,Female
00192-KVOA-Tom_McNamara.png,White,Male
00193-KVOA-Allison_Alexander.png,White,Female
00194-KVVU-John_Dabkovich.png,White,Male
00195-KVVU-Sherry_Swensk.png,White,Female
00196-KVVU-Stefanie_Jay.png,White,Female
00197-KVVU-Brian_Loftus.png,White,Male
00198-KVVU-Kirsten_Joyce.png,White,Female
00199-KVVU-Cassandra_Jones.png,White,Female
00200-KWTV-Bobbie_Miller.png,White,Female
00201-KWTV-Jed_Castles.png,White,Male
00202-KWTV-Stan_Miller.png,White,Male
00204-KWTV-Amanda_Taylor.png,White,Female
00205-KY3-Paul_Adler.png,White,Male
00206-KY3-Abby_Dyer.png,White,Female
00207-KY3-Ethan_Forhetz.png,White,Male
00208-KY3-Sara_Forhetz.png,White,Female
00209-KY3-Steve_Grant.png,White,Male
00210-KY3-Ron_Hearst.png,White,Male
00211-KY3-Paula_Morehouse.png,White,Female
00212-KY3-Maria_Neider.png,White,Female
00213-KY3-Chad_Plein.png,White,Male
00214-KY3-Lisa_Rose.png,White,Female
00215-KY3-Emily_Wood.png,White,Female
00217-KY3-Joe_Hickman.png,White,Male
00218-KY3-Brandon_Beck.png,White,Male
00219-KY3-Felicia_Combs.png,White,Female
00220-WAFB-Johnny_Ahysen.png,White,Male
00222-WAFB-Kiran_Chawla.png,White,Female
00223-WAFB-Jeff_Morrow.png,White,Male
00224-WAFB-Steve_Schneider.png,White,Male
00225-WAFB-Graham_Ulkins.png,White,Male
00226-WAFB-Lauren_Westbrook.png,White,Female
00227-WAFB-Matt_Williams.png,White,Male
00228-WAFB-Kelsey_Davis.png,Black,Female
00229-WAFB-Diane_Deaton.png,White,Female
00230-WAFB-Donna_Britt.png,White,Female
00231-WAFB-Greg_Meriwether.png,White,Male
00232-WAFB-Andre¡¯_Moreau.png,White,Male
00234-WAFB-Jacques_Doucet.png,White,Male
00235-WAFB-Cheryl_Mercedes.png,White,Female
00236-WAFB-Tyana_Williams.png,White,Female
00237-WAFB-Elizabeth_Vowell.png,White,Female
00238-WAFB-Jay_Grymes.png,White,Male
00240-WBRZ-Whitney_Vann.png,White,Female
00241-WBRZ-Sylvia_Weatherspoon.png,Black,Female
00242-WBRZ-John_Pastorek.png,White,Male
00243-WBRZ-Keller_Watts.png,White,Male
00244-WBRZ-Chris_Nakamoto.png,White,Male
00245-WBRZ-Brittany_Weiss.png,White,Female
00246-WBRZ-Pat_Shingleton.png,White,Male
00247-WBTV-Eric_Thomas.png,White,Male
00248-WBTV-Christine_Nelson.png,Black,Female
00249-WBTV-Al_Conklin.png,White,Male
00250-WBTV-Kelly_Franson.png,White,Female
00251-WBTV-John_Carter.png,White,Male
00252-WBTV-Sammi_Jo_Francis.png,White,Female
00253-WBTV-Paul_Cameron.png,White,Male
00254-WBTV-Maureen_O¡¯Boyle.png,White,Female
00255-WBTV-Brigida_Mack.png,Black,Female
00256-WBTV-Molly_Grantham.png,White,Male
00257-WBTV-Jamie_Boll.png,White,Male
00258-WBTV-Ashley_Batey.png,White,Female
00259-WCNC-Brad_Panovich.png,White,Male
00261-WCNC-Ira_Cronin.png,White,Male
00262-WCNC-Heather_Shelton.png,Asian,Female
00263-WCNC-Larry_Sprinkle.png,White,Male
00264-WCNC-Sonja_Gantt.png,Black,Male
00266-WCNC-Anjanette_Flowers.png,Black,Female
00267-WFMY-Eric_Chilton.png,White,Male
00268-WFMY-Grant_Gilmore.png,White,Male
00269-WFMY-Julie_Luck.png,White,Female
00270-WFMY-Frank_Mickens.png,Black,Male
00271-WFMY-Tanya_Rivera.png,White,Female
00272-WFMY-Jackie_Fernandez.png,White,Female
00273-WFMY-Lauren_Melvin.png,White,Female
00274-WLOS-Jay_Siltzer.png,White,Male
00275-WLOS-Holly_Headrick.png,White,Female
00276-WLOS-Julie_Wunder.png,White,Female
00277-WLOS-Darcel_Grimes.png,Black,Female
00278-WLOS-Stan_Pamfilis.png,White,Male
00279-WLOS-Larry_Blunt.png,White,Male
00280-WLOS-Jason_Boyer.png,White,Male
00281-WNCN-Wes_Hohenstein.png,White,Male
00282-WNCN-Bill_Reh.png,White,Male
00283-WNCN-Sharon_Tazewell.png,White,Female
00284-WNCN-Phil_Sanchez.png,White,Male
00285-WNCN-Page_Crawford.png,White,Female
00286-WNCN-Pam_Saulsby.png,White,Female
00287-WNCN-Melanie_Sanders.png,White,Female
00288-WNCN-Sean_Maroney.png,White,Male
00289-WOAI-Jaie_Avila.png,White,Male
00290-WOAI-Randy_Beamer.png,White,Male
00291-WOAI-David_Chancellor.png,White,Male
00292-WOAI-Albert_Flores.png,White,Male
00293-WOAI-Michael_Garofalo.png,White,Male
00294-WOAI-John_Gerard.png,White,Male
00295-WOAI-Leslie_Bohl.png,White,Female
00296-WOAI-Jacqueline_Ortiz.png,White,Female
00297-WOAI-Siobhain_Anders.png,White,Female
00298-WOAI_FOX_29-Jessica_Headley.png,White,Female
00299-WOWT-Greg_Armbrecht.png,White,Male
00300-WOWT-Serese_Cole.png,Black,Female
00301-WOWT-John_Knicely.png,White,Male
00302-WOWT-Mike_LaPoint.png,White,Male
00303-WOWT-Cheryl_Lemke.png,White,Female
00304-WOWT-Rusty_Lord.png,White,Male
00305-WOWT-Malorie_Maddox.png,White,Female
00306-WOWT-Brian_Mastre.png,White,Male
00307-WOWT-Jacki_Ochoa.png,White,Female
00308-WOWT-Matthew_Smith.png,White,Male
00309-WOWT-Joe_Chiodo.png,White,Male
00310-WOWT-Brittany_Gunter.png,White,Female
00311-WPSD-John_Champion.png,White,Male
00312-WPSD-Mike_Mallory.png,White,Male
00313-WPSD-Jennifer_Rukavina.png,White,Female
00314-WPSD-Johnette_Worak.png,White,Female
00315-WPSD-Todd_Faulkner.png,White,Male
00316-WPSD-Laura_Emerson.png,White,Female
00317-WPSD-Trent_Okerson.png,White,Male
00318-WRAL-Jackie_Hyland.png,White,Female
00319-WRAL-Elizabeth_Gardner.png,White,Female
00320-WRAL-Greg_Fishel.png,White,Male
00321-WRAL-Bill_Leslie.png,White,Male
00322-WRAL-Renee_Chou.png,Asian,Female
00323-WRAL-Brian_Shrader.png,White,Male
00324-WRAL-Gerald_Owens.png,Black,Male
00325-WRAL-Debra_Morgan.png,White,Female
00326-WRAL-David_Crabtree.png,White,Male
00327-WRAL_FOX50-Michelle_Marsh.png,Black,Female
00328-WSIL-Mark_Kiesling.png,White,Male
00329-WSIL-Jim_Rasor.png,White,Male
00330-WSIL-Edan_Schultz.png,White,Male
00331-WSIL-Kevin_Hunsperger.png,White,Male
00332-WSIL-Jalah_Gray.png,White,Female
00333-WSIL-Ashley_Smith.png,White,Female
00334-WSIL-Emily_Finnegan.png,White,Female
00335-WSOC-Allison_Latos.png,White,Female
00336-WSOC-Keith_Monday.png,White,Male
00337-WSOC-Steve_Udelson.png,White,Male
00338-WSOC-Peter_Daut.png,White,Male
00339-WSOC-Mark_Taylor.png,White,Male
00340-WSOC-Natalie_Pasquarella.png,White,Female
00341-WSOC-Erica_Bryant.png,Black,Female
00342-WSOC-Blair_Miller.png,White,Male
00343-WSOC-Scott_Wickersham.png,White,Male
00344-WSPA-Fred_Cunningham.png,White,Male
00345-WSPA-Diane_Lee.png,White,Female
00346-WSPA-Malachi_Rodgers.png,Black,Male
00347-WSPA-Amy_Wood.png,White,Female
00348-WSPA-Tom_Crabtree.png,White,Male
00349-WSPA-Gordon_Dill.png,White,Male
00350-WSPA-Pete_Yanity.png,White,Male
00351-WSPA-Christy_Henderson.png,White,Female
00352-WSPA-Dan_Bickford.png,White,Male
00353-WTOL-Jerry_Anderson.png,White,Male
00354-WTOL-Jenna_Lee.png,White,Female
00355-WTOL-Robert_Shiels.png,White,Male
00356-WTOL-Chris_Vickers.png,White,Male
00357-WTOL-Melissa_Andrews.png,White,Female
00358-WTOL-Emilie_Voss.png,White,Female
00359-WTOL-Brandon_Jones.png,Black,Male
00360-WTOL-Ashley_James.png,White,Female
00361-WTVD-Chris_Hohmann.png,White,Male
00362-WTVD-Don_Schwenneker.png,White,Male
00363-WTVD-Fred_Shropshire.png,Black,Male
00364-WTVD-Steve_Stewart.png,White,Male
00365-WTVD-Barbara_Gibbs.png,White,Female
00366-WTVD-Amber_Rupinta.png,White,Female
00367-WTVD-Caitlin_Knute.png,White,Female
00368-WTVD-Steve_Daniels.png,White,Male
00369-WTVD-Larry_Stogner.png,White,Male
00370-WTVD-Tisha_Powell.png,Black,Female
00371-WTVD-Joel_Brown.png,Black,Male
00372-WTVD-Heather_Waliga.png,White,Female
00373-WTVD-Angelica_Alvarez.png,White,Female
00374-WTVD-Anna_Laurel.png,White,Female
00375-WTVD-Liz_Horton.png,White,Female
00376-WTVG-Jay_Berschback.png,White,Male
00377-WTVG-Sashem_Brey.png,White,Female
00378-WTVG-Lee_Conklin.png,White,Male
00379-WTVG-Diane_Larson.png,White,Female
00380-WTVG-Jeff_Smith.png,White,Male
00381-WTVG-Bill_Spencer.png,White,Male
00383-WVLA-Jeanne_Burns.png,White,Female
00384-WVLA-Emily_Turner.png,White,Female
00385-WVLA-Jesse_Vinturella.png,White,Male
00386-WVLA-Jesse_Gunkel.png,White,Male
00387-WXII-Nicole_Ducouer.png,White,Female
00388-WXII-Cameron_Kent.png,White,Male
00389-WXII-Lanie_Pope.png,White,Female
00390-WXII-Wanda_Starke.png,Black,Female
00391-WXII-Kimberly_Van_Scoy.png,White,Female
00392-WXII-Talitha_Vickers.png,Black,Female
00393-WXII-Austin_Caviness.png,White,Male
00394-WXII-Brian_Slocum.png,White,Male
00395-WXII-Michelle_Kennedy.png,White,Female
00396-WYFF-Geoff_Hart.png,White,Male
00397-WYFF-Beth_Brotherton.png,White,Female
00398-WYFF-Sean_Muserallo.png,White,Male
00400-WYFF-Carol_Goldsmith.png,White,Female
00401-WYFF-Michael_Cogdill.png,White,Male
00402-WYFF-Nigel_Robertson.png,Black,Male
00403-WYFF-Gabrielle_Komorowski.png,White,Female
00404-WYFF-Myra_Ruiz.png,Asian,Female
00405-WYFF-Angela_Rodriguez.png,White,Female
00406-WYFF-Brad_Fralick.png,White,Male
00407-WYFF-Marc_Dopher.png,White,Male
00408-WYFF-John_Cessarich.png,White,Male
00409-WYFF-Chris_Justus.png,White,Male
00410-WYFF-Pamela_Wright.png,White,Female
00411-ABC15-Connie_Colla.png,White,Female
00412-ABC15-Stephanie_Hockridge.png,White,Female
00413-ABC15-Steve_Irvin.png,White,Male
00414-ABC15-Daphne_Munro.png,White,Female
00415-ABC15-Amy_Murphy.png,White,Female
00416-ABC15-Katie_Raml.png,White,Female
00417-ABC15-Dan_Spindle.png,White,Male
00418-ABC15-Amber_Sullins.png,White,Female
00419-Bay_News_9-Mike_Clay.png,White,Male
00420-Bay_News_9-Juli_Marquez.png,White,Female
00421-CFLN-Ybeth_Bruzual.png,White,Female
00422-CFLN-Ali_Turiano.png,White,Female
00423-CSN_Philadelphia-Michael_Barkann.png,White,Male
00424-CSN_Philadelphia-Ron_Burke.png,Black,Male
00426-CSN_Philadelphia-Neil_Hartman.png,White,Male
00427-CSN_Philadelphia-Amy_Fadool.png,White,Female
00428-CSN_Philadelphia-Dei_Lynam.png,White,Female
00429-CSN_Philadelphia-Marshall_Harris.png,Black,Male
00430-CSN_Philadelphia-John_Boruk.png,White,Male
00431-CSN_Philadelphia-Jim_Salisbury.png,White,Male
00432-CSN_Philadelphia-John_Gonzalez.png,White,Male
00433-CSN_Philadelphia-Danny_Pommells.png,Black,Male
00434-CSN_Philadelphia-Tim_Panaccio.png,White,Male
00435-CSN_Philadelphia-Reuben_Frank.png,White,Male
00436-CSN_Philadelphia-Geoff_Mosher.png,White,Male
00437-CSN_Philadelphia-Sarah_Baicker.png,White,Female
00438-FOX_12-Tony_Martinez.png,White,Male
00439-FOX_12-Mark_Nelson.png,White,Male
00440-FOX_43-Heather_Warner.png,White,Female
00441-FOX_43-Jeff_Jumper.png,White,Male
00442-FOX_43-MaryEllen_Pann.png,White,Female
00443-FOX4-Jim_Syoen.png,White,Male
00444-FOX40-Cheryl_Lasseter.png,White,Female
00445-FOX40-Joy_Redmond.png,Black,Female
00446-FOX40-Dave_Roberts.png,White,Male
00447-FOX41-Jude_Redfield.png,White,Male
00448-GAL-Doug_Allen.png,White,Male
00449-Hawaii_News_Now-Dan_Cooke.png,White,Male
00450-Hawaii_News_Now-Howard_Dicus.png,White,Male
00451-Hawaii_News_Now-Ben_Gutierrez.png,Asian,Male
00452-Hawaii_News_Now-Guy_Hagi.png,Asian,Male
00453-Hawaii_News_Now-Tannya_Joaquin.png,White,Female
00454-Hawaii_News_Now-Lisa_Kubota.png,Asian,Female
00455-Hawaii_News_Now-Grace_Lee.png,Asian,Female
00456-Hawaii_News_Now-Stephanie_Lum.png,Asian,Female
00457-Hawaii_News_Now-Jennifer_Robbins.png,White,Female
00458-Hawaii_News_Now-Keahi_Tucker.png,White,Male
00459-Hawaii_News_Now-Steve_Uyehara.png,Asian,Male
00460-Hawaii_News_Now-Ramsay_Wharton.png,White,Female
00461-KABC-John_Gregory.png,White,Male
00462-KABC-Rob_Hayes.png,White,Male
00463-KABC-Garth_Kemp.png,White,Male
00464-KABC-Jovana_Lara.png,White,Female
00465-KABC-Phillip_Palmer.png,White,Male
00466-KABC-Christina_Salvo.png,White,Female
00467-KABC-Leslie_Sykes.png,White,Female
00468-KABC-Alysha_Del_Valle.png,White,Female
00469-KABC-Bri_Winkler.png,White,Female
00470-KABC-Phillip_Palmer.png,White,Male
00472-KAKE-Larry_Hatteberg.png,White,Male
00473-KAKE-Jeff_Herndon.png,White,Male
00474-KAKE-Jemelle_Holopirek.png,White,Female
00475-KAKE-Mike_Iuen.png,White,Male
00476-KAKE-Susan_Peters.png,White,Female
00477-KAKE-Jay_Prater.png,White,Male
00478-KAKE-Ben_Pringle.png,White,Male
00479-KAKE-Blake_Smith.png,White,Male
00480-KAKE-Tanner_Swift.png,White,Male
00481-KATU-Carl_Click.png,White,Male
00482-KATU-Steve_Dunn.png,White,Male
00483-KATU-Rod_Hill.png,White,Male
00484-KATU-Natali_Marmion.png,White,Female
00485-KATU-Rhonda_Shelby.png,Black,Female
00486-KATU-Michael_Convery.png,White,Male
00487-KATU-Deb_Knapp.png,White,Female
00488-KBAK_KBFX-Amity_Addrisi.png,White,Female
00489-KBAK_KBFX-Rob_Finnerty.png,White,Male
00490-KBAK_KBFX-Lynda_Halligan.png,White,Female
00491-KBAK_KBFX-Miles_Muzio.png,White,Male
00492-KBAK_KBFX-Aaron_Perlman.png,White,Male
00493-KBAK_KBFX-Kurt_Rivera.png,White,Male
00494-KCBS-Josh_Rubenstein.png,White,Male
00495-KCBS-Kent_Shocknek.png,White,Male
00496-KCBS-Stephanie_Simmons.png,White,Female
00497-KCBS-Kent_Shocknek.png,White,Male
00498-KCNC-Alan_Gionet.png,White,Male
00499-KCNC-Lauren_Whitney.png,White,Female
00500-KDVR-Jennifer_Broome.png,White,Female
00501-KDVR-Nick_Emmons.png,White,Male
00502-KDVR-Melody_Mendez.png,White,Female
00503-KERO-Erin_Briscoe.png,White,Female
00504-KERO-Troy_Campbell.png,White,Male
00505-KERO-Mike_Hart.png,White,Male
00506-KERO-Colin_Jackson.png,White,Male
00507-KERO-Todd_Karli.png,White,Male
00509-KERO-Elaina_Rusk.png,White,Female
00510-KERO-Larissa_Wohl.png,White,Female
00511-KETV-Todd_Andrews.png,White,Male
00512-KETV-Nichole_Berlie.png,Black,Female
00513-KETV-Natalie_Glucklich.png,White,Female
00514-KETV-Brandi_Petersen.png,White,Female
00515-KFMB-Matt_Baylow.png,White,Male
00516-KFMB-Vanessa_Bezic.png,White,Female
00517-KFMB-Carlo_Cecchetto.png,White,Male
00518-KFMB-Dan_Cohen.png,White,Male
00519-KFMB-Barbara-Lee_Edwards.png,White,Female
00520-KFMB-Nichelle_Medina.png,White,Female
00521-KFSN-Warren_Armstrong.png,White,Male
00522-KFSN-Doug_Collins.png,White,Male
00523-KFSN-Reuben_Contreras.png,White,Male
00524-KFSN-Liz_Harrison.png,White,Female
00525-KFSN-Margot_Kim.png,Asian,Female
00526-KFSN-Jason_Martinez.png,White,Male
00527-KFSN-Graciela_Moreno.png,White,Female
00528-KFSN-Kevin_Musso.png,White,Male
00529-KFSN-Jason_Oliveira.png,White,Male
00530-KFSN-Christine_Park.png,Asian,Female
00531-KFSN-Gaby_Rodriguez.png,White,Female
00532-KFSN-Sara_Sandrik.png,White,Female
00533-KFSN-Stephanie_Stone.png,White,Female
00534-KFSN-Tommy_Tran.png,Asian,Male
00535-KFSN-Amanda_Venegas.png,White,Female
00536-KFSN-Dale_Yurong.png,Asian,Male
00537-KFVE-Walter_Makaula.png,White,Male
00545-KGPE-Zara_Arboleda.png,Asian,Female
00546-KGPE-Scott_Mace.png,White,Male
00547-KGPE-Evy_Ramos.png,White,Female
00548-KGPE-Jenny_Toste.png,White,Female
00549-KGTV-Steve_Atkinson.png,White,Male
00550-KGTV-Pat_Brown.png,White,Female
00551-KGTV-Bill_Griffith.png,White,Male
00552-KGTV-Kimberly_Hunt.png,White,Female
00553-KGTV-Melissa_Mecija.png,Asian,Female
00554-KGTV-Kaushal_Patel.png,Black,Female
00555-KGTV-Robert_Santos.png,Asian,Female
00556-KGW-Brenda_Braxton.png,White,Female
00557-KGW-Joe_Donlon.png,White,Male
00558-KGW-Russ_Lewis.png,White,Male
00559-KGW-Laural_Porter.png,White,Female
00560-KGW-Dave_Salesky.png,White,Male
00561-KGW-Matt_Zaffino.png,White,Male
00562-KGW-Drew_Carney.png,White,Male
00563-KGW-Chris_McGinness.png,White,Male
00564-KGW-Tracy_Barry.png,White,Female
00565-KGW-Stephanie_Stricklen.png,White,Female
00566-KGW-Wayne_Havrelly.png,White,Male
00568-KGW-Jim_Donovan.png,White,Male
00569-KHON-Justin_Cruz.png,White,Male
00570-KHON-Jai_Cunningham.png,White,Male
00571-KHON-Kanoe_Gibson.png,White,Female
00572-KHON-Olena_Heu.png,Asian,Female
00573-KHON-Trini_Kaopuiki.png,White,Female
00574-KHON-Ron_Mizutani.png,White,Male
00575-KHON-Joe_Moore.png,White,Male
00576-KHON-Kathy_Muneno.png,White,Female
00577-KHOU-Greg_Hurst.png,White,Male
00578-KHOU-Chita_Johnson.png,White,Female
00579-KHOU-David_Paul.png,White,Male
00580-KHOU-Ron_Trevino.png,White,Male
00581-KHOU-Lily_Jang.png,Asian,Female
00582-KHOU-Mia_Gradney.png,Black,Female
00583-KHSL___KNVN-Rob_Blair.png,White,Male
00584-KHSL___KNVN-Debbie_Cobb.png,White,Female
00585-KHSL___KNVN-Elizabeth_Gadley.png,White,Female
00586-KHSL___KNVN-Cort_Klopping.png,White,Male
00587-KHSL___KNVN-Kris_Kuyper.png,White,Male
00588-KHSL___KNVN-Alan_Marsden.png,White,Male
00589-KHSL___KNVN-Megan_McMann.png,White,Female
00590-KHSL___KNVN-Matt_Vaughan.png,White,Male
00591-KHSL___KNVN-Linda_Watkins-Bennett.png,White,Female
00592-KITV-Paula_Akana.png,White,Female
00593-KITV-Kenny_Choi.png,Asian,Male
00594-KITV-Yunji_de_Nies.png,Asian,Female
00595-KITV-Justin_Fujioka.png,Asian,Male
00596-KITV-Moanike'ala_Nabarro.png,Asian,Female
00597-KITV-Mahealani_Richardson.png,White,Female
00598-KITV-Cam_Tran.png,Asian,Female
00599-KJRH-Marla_Carter.png,White,Female
00600-KJRH-George_Flickinger.png,White,Male
00601-KJRH-Karen_Larsen.png,White,Female
00602-KJRH-Russ_McCaskey.png,White,Male
00603-KJRH-Breanne_Palmerini.png,White,Female
00604-KJRH-Taft_Price.png,White,Male
00605-KJRH-Brittany_Rainey.png,White,Female
00606-KJRH-Deana_Silk.png,White,Female
00607-KJRH-Justin_Wilfon.png,White,Male
00608-KMGH-Ana_Cabrera.png,White,Female
00609-KMGH-Dale_Cedars.png,White,Female
00611-KMPH-Kevan_Ramer.png,White,Male
00612-KMPH-Ashley_Ritchie.png,White,Female
00613-KMPH-Rich_Rodriguez.png,White,Male
00614-KMPH-Kopi_Sotiropulos.png,White,Male
00615-KMPH-Kim_Stephens.png,White,Female
00616-KMPH-Monty_Torres.png,White,Male
00617-KMTV-Kandiss_Crone.png,Black,Female
00618-KNBC-Michael_Brownlee.png,White,Male
00619-KNBC-Alycia_Lane.png,White,Female
00620-KNBC-Elita_Loresca.png,Asian,Female
00621-KNBC-Sean_Murphy.png,White,Male
00622-KNSD-Jason_Austell.png,White,Male
00623-KNSD-Catherine_Garcia.png,White,Female
00624-KNSD-Christine_Haas.png,White,Female
00625-KNSD-Jodi_Kodesh.png,White,Female
00626-KNSD-Marianne_Kushi.png,Asian,Female
00627-KNSD-Dagmar_Midcap.png,White,Female
00628-KNSD-Mark_Mullen.png,White,Male
00629-KNSD-Whitney_Southwick.png,White,Male
00630-KOAT-Joe_Diaz.png,White,Male
00631-KOAT-Doug_Fernandez.png,White,Male
00632-KOAT-Eric_Green.png,White,Male
00633-KOAT-Marisa_Maez.png,White,Female
00634-KOAT-Byron_Morton.png,White,Male
00635-KOAT-Shelly_Ribando.png,White,Female
00636-KOB-Antoinette_Antonio.png,Asian,Female
00637-KOB-Nicole_Brady.png,White,Female
00638-KOB-Eddie_Garcia.png,White,Male
00639-KOB-Tom_Joles.png,White,Male
00640-KOB-Heather_Mills.png,White,Female
00641-KOB-Steve_Stucker.png,White,Male
00642-KOKI-James_Aydelott.png,White,Male
00643-KOKI-Michelle_Linn.png,White,Female
00644-KOKI-Clay_Loney.png,White,Male
00645-KOKI-Shae_Rozzi.png,White,Female
00646-KOKI-Michael_Seger.png,White,Male
00647-KOKI-Ron_Terrell.png,White,Male
00648-KOTV-Alan_Crone.png,White,Male
00650-KOTV-Rich_Lenz.png,White,Male
00651-KOTV-Travis_Meyer.png,White,Male
00652-KOTV-LeAnne_Taylor.png,White,Female
00653-KOTV-Scott_Thompson.png,White,Male
00655-KPHO-Katie_Baker.png,White,Female
00656-KPHO-Nicole_Crites.png,White,Female
00657-KPHO-Chris_Dunn.png,White,Male
00658-KPHO-Paul_Horton.png,White,Male
00659-KPHO-Sean_McLaughlin.png,White,Male
00660-KPHO-Pat_McReynolds.png,White,Male
00661-KPNX-Mark_Curtis.png,White,Male
00662-KPNX-Caribe_Devine.png,White,Female
00663-KPNX-Fay_Fredricks.png,White,Female
00664-KPNX-Doug_Meehan.png,White,Male
00665-KPNX-James_Quinones.png,White,Male
00666-KPNX-Lin_Sue_Cooney.png,White,Female
00667-KPRC-Frank_Billingsley.png,White,Male
00668-KPRC-Lauren_Freeman.png,White,Female
00669-KPRC-Keith_Garvin.png,Black,Male
00670-KPRC-Rachel_McNeill.png,White,Female
00671-KPRC-Anthony_Yanez.png,White,Male
00672-KPRC-Owen_Conflenti.png,White,Male
00673-KPTV-Andy_Carson.png,White,Male
00675-KPTV-Wayne_Garcia.png,White,Male
00676-KPTV-Kimberly_Maus.png,White,Female
00677-KPTV-Shauna_Parsons.png,White,Female
00678-KRCR-Rob_Elvington.png,White,Male
00679-KRCR-Mike_Krueger.png,White,Male
00680-KRCR-Tracey_Leong.png,Asian,Female
00681-KRCR-Mike_Mangas.png,White,Male
00682-KRCR-Mark_Mester.png,White,Male
00683-KRCR-Kelli_Saam.png,White,Female
00684-KRCR-Jennifer_Scarborough.png,White,Female
00685-KRIV-Jose_Grinan.png,Black,Male
00686-KRIV-Mike_Iscovitz.png,White,Male
00687-KRIV-Dr._Jim_Siebert.png,White,Male
00688-KRIV-Melinda_Spaulding.png,Black,Female
00689-KRIV-Chris_Stipes.png,White,Male
00690-KRIV-Don_Teague.png,White,Male
00691-KRIV-Melissa_Wilson.png,White,Female
00692-KRQE-Elizabeth_Alvarez.png,White,Female
00693-KRQE-Jessica_Garate.png,White,Female
00694-KRQE-Dick_Knipfing.png,White,Male
00695-KRQE-Matt_Mauro.png,White,Male
00696-KRQE-Mark_Ronchetti.png,White,Male
00697-KRQE-Kristen_Van_Dyke.png,Asian,Female
00699-KSAZ-Kristin_Anderson.png,Black,Female
00701-KSAZ-Troy_Hayden.png,White,Male
00702-KSAZ-John_Hook.png,White,Male
00703-KSAZ-Ron_Hoon.png,White,Male
00704-KSAZ-Kari_Lake.png,White,Female
00705-KSAZ-Cory_McCloskey.png,White,Male
00706-KSAZ-Dave_Munsey.png,White,Male
00707-KSEE-Stefani_Booroojian.png,White,Female
00708-KSEE-Bud_Elliott.png,White,Male
00709-KSEE-A.J._Fox.png,White,Male
00710-KSEE-Matt_Otstot.png,White,Male
00711-KSL-Dave_McCann.png,White,Male
00712-KSL-Mike_Headrick.png,White,Male
00713-KSL-Kevin_Eubank.png,White,Male
00714-KSL-Scott_Haws.png,White,Male
00715-KSL-Lori_Prichard.png,White,Female
00716-KSL-Brooke_Walker.png.jpg.nodet,White,Female
00717-KSL-Grant_Weyman.png,White,Male
00718-KSL-Nadine_Wimmer.png,White,Female
00719-KSN-Stephanie_Bergmann.png,White,Female
00720-KSN-Mark_Davidson.png,White,Male
00721-KSN-Dave_Freeman.png,White,Male
00722-KSN-J.D._Rudd.png,White,Male
00723-KSN-Leon_Smitherman.png,White,Male
00724-KSN-John_Snyder.png,White,Male
00725-KSTU-Brett_Benson.png,White,Male
00726-KSTU-Big_Budah.png,Black,Male
00727-KSTU-Kerri_Cronk.png,White,Female
00728-KSTU-Bob_Evans.png,White,Male
00729-KSTU-Dan_Evans.png,White,Male
00730-KSTU-Hope_Woodside.png,White,Female
00731-KSTU-Damon_Yauney.png,White,Male
00732-KSWB-Kathleen_Bade.png,White,Female
00733-KSWB-Raoul_Martinez.png,White,Male
00734-KSWB-Chrissy_Russo.png,White,Female
00735-KSWB-Aloha_Taylor.png,White,Female
00736-KSWB-Shally_Zomorodi.png,White,Female
00737-KTLA-Ginger_Chan.png,Asian,Female
00738-KTLA-Henry_DiCarlo.png,White,Male
00740-KTLA-Chris_Schauble.png,White,Male
00741-KTLA-Chris_Schauble.png,White,Male
00742-KTRK-Erik_Barajas.png,White,Male
00743-KTRK-Casey_Curry.png,White,Female
00744-KTRK-Gina_Gaston.png,Black,Female
00745-KTRK-Tim_Heller.png,White,Male
00746-KTRK-Travis_Herzog.png,White,Male
00747-KTRK-Tom_Koch.png,White,Male
00748-KTRK-Melanie_Lawson.png,White,Female
00749-KTRK-Sharron_Melton.png,Black,Female
00750-KTRK-Don_Nelson.png,White,Male
00751-KTRK-Art_Rascon.png,White,Male
00752-KTRK-David_Tillman.png,Black,Male
00753-KTRK-Dave_Ward.png,White,Male
00754-KTTV-Rick_Dickert.png,White,Male
00755-KTTV-Steve_Edwards.png,White,Male
00756-KTTV-Maria_Quiban.png,White,Female
00757-KTUL-Mark_Bradshaw.png,White,Male
00758-KTUL-Kristin_Dickerson.png,White,Female
00759-KTUL-Andrew_Kozak.png,White,Male
00760-KTUL-Laura_Moss.png,White,Female
00761-KTUL-Keith_Taylor.png,White,Male
00762-KTUL-Jennifer_Zeppelin.png,White,Female
00763-KTVK-Yetta_Gibson.png,Black,Female
00764-KTVK-Royal_Norman.png,White,Male
00765-KTVK-Kaley_O'Kelley.png,White,Female
00766-KTVK-Scott_Pasmore.png,White,Male
00767-KTVK-April_Warnecke.png,White,Female
00768-KTVX-Emily_Clark.png,White,Female
00769-KTVX-Kim_Fischer.png,White,Female
00770-KTVX-Brent_Hunsaker.png,White,Male
00771-KTVX-Jim_Kosek.png,White,Male
00772-KTVX-Glenn_Willey.png,White,Male
00773-KUSA-Becky_Ditchfield.png,White,Female
00774-KUSA-Kyle_Dyer.png,White,Female
00775-KUSA-Gary_Shapiro.png,White,Male
00776-KUSI-John_Coleman.png,White,Male
00777-KUSI-Leslie.png,White,Female
00778-KUTV-Ron_Bird.png,White,Male
00779-KUTV-Heidi_Hatch.png,White,Female
00780-KUTV-Mark_Koelbel.png,White,Male
00781-KUTV-Shauna_Lake.png,White,Female
00782-KUTV-Mary_Nickles.png,White,Female
00784-KUTV-Casey_Scott.png,White,Male
00785-KUTV-Debbie_Worthen.png,White,Female
00786-KWCH-Jenn_Bates.png,White,Female
00787-KWCH-Roger_Cornish.png,White,Male
00788-KWCH-Brian_Heap.png,White,Male
00789-KWCH-Ross_Janssen.png,White,Male
00790-KWCH-Dean_Jones.png,White,Male
00791-KWCH-Cindy_Klose.png,White,Female
00792-KWCH-Mark_Larson.png,White,Male
00793-KWCH-Rodney_Price.png,White,Male
00794-KWCH-Melissa_Scheffler.png,White,Female
00795-KWCH-Michael_Schwanke.png,White,Male
00796-KWCH-Kara_Sewell.png,White,Female
00797-KWCH-Merril_Teller.png,White,Male
00798-WFTS-Dan_Shaffer.png,White,Male
00800-WFTS-Jamison_Uhler.png,White,Male
00801-WFTV-Vanessa_Echols.png,Black,Female
00802-WFTV-Jamie_Holmes.png,White,Male
00804-WFXT-Mark_Ockerbloom.png,White,Male
00805-WFXT-Maria_Stephanos.png,White,Female
00806-WGAL-Jere_Gish.png,White,Male
00808-WGAL-Lori_Burkholder.png,White,Female
00809-WGAL-Joe_Calhoun.png,White,Male
00810-WGAL-Ron_Martin.png,Asian,Male
00811-WGAL-Janelle_Stelson.png,White,Female
00812-WGAL-Kim_Lemon.png,White,Female
00813-WGAL-Brian_Roche.png,White,Male
00814-WGN-Robin_Baumgarten.png,White,Female
00815-WGN-Erin_McElroy.png,White,Female
00816-WGN-Larry_Potash.png,White,Male
00817-WGN-Tom_Skilling.png,White,Male
00818-WGN-Paul_Konrad.png,White,Male
00819-WGN-Demetrius_Ivory.png,Black,Male
00820-WGN-Dan_Ponce.png,White,Male
00821-WHAS-Ben_Pine.png,White,Male
00822-WHAS-Kelsey_Starks.png,White,Female
00823-WHAS-Andy_Treinen.png,White,Male
00824-WHAS-Melissa_Swan.png,White,Female
00825-WHAS-Doug_Proffitt.png,White,Male
00826-WHAS-Rachel_Platt.png,White,Female
00827-WHBQ-Valerie_Calhoun.png,White,Female
00828-WHBQ-Ernie_Freeman.png,Black,Male
00829-WHDH-Christa_Delcamp.png,White,Female
00830-WHDH-Kim_Khazei.png,White,Female
00831-WHDH-Reid_Lamberty.png,White,Male
00832-WHIO-Scott_Dean.png,White,Male
00833-WHP-Sherry_Christian.png,Black,Female
00834-WHP-Joel_Smith.png,White,Male
00835-WHP-Steve_Knight.png,White,Male
00836-WHP-Robb_Hanrahan.png,White,Male
00837-WHP-Tanya_Foster.png,White,Female
00839-WHTM-James_Crummel.png,Black,Male
00840-WHTM-Ali_Lanyon.png,White,Female
00841-WHTM-Brett_Thackara.png,White,Male
00842-WHTM-Alicia_Richards.png,White,Female
00843-WHTM-Valerie_Pritchett.png,Black,Female
00844-WHTM-Dennis_Owens.png,White,Male
00845-WHTM-Al_Gnoza.png,White,Male
00846-WHTM-Flora_Posteraro.png,White,Female
00847-WHTM-Eric_Finkenbinder.png,White,Male
00848-WIAT-Trent_Butler.png,White,Male
00849-WIAT-Patrick_Claybon.png,Black,Male
00850-WIAT-Sherri_Jackson.png,Black,Female
00851-WIAT-Gene_Norman.png,White,Male
00852-WIAT-Mark_Prater.png,White,Male
00853-WINK-Haley_Hinds.png,White,Female
00854-WINK-Joey_Sovine.png,White,Male
00855-WINK-Cayle_Thompson.png,White,Male
00856-WINK-Katie_Walls.png,White,Female
00857-WINK-Lois_Thome.png,White,Female
00858-WINK-Stacey_Adams.png,White,Female
00859-WINK-Chris_Cifatte.png,White,Male
00860-WINK-Jennifer_Stacy.png,White,Female
00861-WINK-Rob_Spicker.png,White,Male
00862-WINK-Clayton_Ferraro.png,White,Male
00863-WINK-Amanda_Hall.png,White,Female
00864-WINK-Therese_O¡¯Shea.png,White,Female
00865-WINK-Stephanie_Susskind.png,White,Female
00866-WINK-Jim_Farrell.png,White,Male
00868-WINK-Eric_Stone.png,White,Male
00869-WISN-Mark_Baden.png,White,Male
00870-WISN-Joyce_Garbaciak.png,White,Female
00871-WISN-Marianne_Lyles.png,Asian,Female
00872-WISN-Craig_McKee.png,White,Male
00873-WISN-Kathy_Mykleby.png,White,Female
00874-WISN-Jeremy_Nelson.png,White,Male
00876-WISN-Patrick_Paolantonio.png,White,Male
00877-WISN-Matt_Salemme.png,White,Male
00878-WISN-Sally_Severson.png,White,Female
00879-WISN-Toya_Washington.png,Asian,Female
00880-WISN-Portia_Young.png,Black,Female
00881-WITI-Vince_Condella.png,White,Male
00882-WITI-Rob_Haswell.png,White,Male
00883-WITI-Brad_Hicks.png,White,Male
00884-WITI-Nicole_Koglin.png,White,Female
00885-WITI-Kim_Murphy.png,Black,Female
00886-WITI-Shawn_Patrick.png,White,Male
00887-WITI-Ted_Perry.png,White,Male
00888-WITI-Mary_Stoker-Smith.png,White,Female
00889-WJBK-Ben_Bailey.png,White,Male
00890-WJBK-Monica_Gayle.png,White,Female
00891-WJBK-Anqunette_Jamison.png,Black,Female
00892-WJBK-Alan_Lee.png,White,Male
00893-WJBK-Rich_Luterman.png,White,Male
00894-WJBK-Sherry_Margolis.png,White,Female
00895-WJBK-Huel_Perkins.png,Asian,Male
00896-WJLA-Jacqui_Jeras.png,White,Female
00897-WJLA-Cynne_Simpson.png,Black,Female
00898-WJLA-Scott_Thurman.png,White,Male
00899-WJTV-Byron_Brown.png,Black,Male
00900-WJTV-Melanie_Christopher.png,White,Female
00901-WJTV-Tony_Mastro.png,White,Male
00902-WJTV-Erin_Pickens.png,Black,Female
00904-WJW-Melissa_Mack.png,White,Female
00905-WJW-Andre_Bernier.png,White,Male
00906-WJW-Kristi_Capel.png,White,Female
00907-WJW-Wayne_Dawson.png,Black,Male
00908-WJW-Dick_Goddard.png,White,Male
00909-WJW-Bill_Martin.png,White,Male
00910-WJW-Tracy_McCool.png,White,Female
00911-WJW-Stefani_Schaefer.png,White,Female
00912-WKMG-Matt_Austin.png,White,Male
00913-WKMG-Troy_Bridges.png,White,Male
00914-WKMG-Bridgett_Ellison.png,White,Female
00915-WKRC-John_Gumm.png,White,Male
00917-WKRC-Tiffany_Wilson.png,White,Female
00918-WKRN-Justin_Bruce.png,White,Male
00919-WKRN-Neil_Orne.png,White,Male
00920-WKRN-Dawn_Davenport.png,White,Female
00921-WKYC-Erin_Kennedy.png,White,Female
00922-WKYC-Betsy_Kling.png,White,Female
00923-WKYC-Russ_Mitchell.png,Black,Male
00924-WKYC-Kris_Pickel.png,White,Female
00925-WKYC-Ramona_Robinson.png,White,Female
00926-WKYC-Chris_Tye.png,White,Male
00927-WLBT-Howard_Ballou.png,Black,Male
00928-WLBT-Barbie_Bassett.png,White,Female
00929-WLBT-Bert_Case.png,White,Male
00930-WLBT-Rob_Jay.png,Black,Male
00931-WLBT-Eric_Law.png,White,Male
00932-WLBT-Katina_Rankin.png,Black,Female
00933-WLBT-Marsha_Thompson.png,White,Female
00934-WLBT-Maggie_Wade.png,Black,Female
00936-WLBT_FOX40-Brandon_Artiles.png,White,Male
00937-WLKY-Monica_Hardin.png,White,Female
00938-WLKY-Matt_Milosevich.png,White,Male
00939-WLKY-Vicki_Dortch.png,White,Female
00940-WLKY-Rick_Van_Hoose.png,White,Male
00941-WLS-Tracy_Butler.png,White,Female
00942-WLS-Mike_Caplan.png,White,Male
00943-WLS-Hosea_Sanders.png,Black,Male
00944-WLS-Phil_Schwarz.png,White,Male
00945-WLS-Jerry_Taft.png,White,Male
00946-WLS-Judy_Hsu.png,Asian,Female
00947-WLS-Stacey_Baca.png,White,Female
00948-WLS-Ben_Bradley.png,White,Male
00949-WLWT-Lisa_Cooney.png,White,Female
00950-WLWT-Todd_Dykes.png,White,Male
00951-WLWT-Randi_Rico.png,White,Female
00952-WMAQ-Andy_Avalos.png,White,Male
00953-WMAQ-Stefan_Holt.png,White,Male
00954-WMAQ-Brant_Miller.png,White,Male
00955-WMAQ-Daniella_Guzman.png,White,Female
00956-WMBF-Jamie_Arnold.png,White,Male
00957-WMBF-Heather_Biance.png,White,Female
00958-WMBF-Marla_Branson.png,White,Female
00959-WMBF-Paula_Caruso.png,White,Female
00960-WMBF-David_Klugh.png,White,Male
00962-WMC-Lindsey_Brown.png,White,Female
00963-WMC-Kym_Clark.png,Black,Female
00964-WMC-Andrew_Douglas.png,White,Male
00965-WMC-Janeen_Gordon.png,Black,Female
00966-WNBC-Chris_Cimino.png,White,Male
00967-WNBC-Michael_Gargiulo.png,White,Male
00968-WNBC-Darlene_Rodriguez.png,White,Female
00969-WNCN-Jeremy_Baker.png,White,Male
00970-WNCN-Bill_Reh.png,White,Male
00971-WNYW-Greg_Kelly.png,White,Male
00972-WNYW-Rosanna_Scotto.png,White,Female
00973-WNYW-Mike_Woods.png,Black,Male
00974-WOFL-John_Brown.png,White,Male
00975-WOFL-Amy_Kaufeldt.png,White,Female
00976-WOFL-Jayme_King.png,White,Male
00977-WOFL-LuAnne_Sorrell.png,White,Female
00978-WOIO-Denise_Dufala.png,White,Female
00979-WOIO-Jeff_Tanchak.png,White,Male
00980-WOWT-Jim_Flowers.png,White,Male
00981-WOWT-Jill_Gilardi.png,White,Female
00982-WOWT-Jim_Siedlecki.png,White,Male
00983-WPBF-Tiffany_Kenney.png,White,Female
00984-WPBF-Paul_LaGrone.png,White,Male
00985-WPBF-Shelli_Lockhart.png,Black,Female
00986-WPBF-Mike_Lyons.png,White,Male
00987-WPBF-Todd_McDermott.png,White,Male
00988-WPBF-Felicia_Rodriguez.png,White,Female
00989-WPBF-Sandra_Shaw.png,White,Female
00990-WPDE-Allyson_Floyd.png,White,Female
00991-WPDE-Tim_McGinnis.png,White,Male
00992-WPDE-Ed_Piotrowski.png,White,Male
00993-WPEC-Suzanne_Boyd.png,White,Female
00994-WPEC-John_Discepolo.png,White,Male
00995-WPEC-Chris_Farrell.png,White,Male
00996-WPEC-John_Matthews.png,White,Male
00997-WPEC-Liz_Quirantes.png,White,Female
00998-WPEC-Eric_Roby.png,White,Male
00999-WPEC-Stephanie_Watson.png,White,Female
01000-WPIX-Linda_Church.png,White,Female
01001-WPIX-Sukanya_Krishnan.png,White,Female
01002-WPLG-Trent_Aric.png,White,Male
01003-WPLG-Betty_Davis.png,Black,Female
01004-WPLG-Calvin_Hughes.png,Black,Male
01005-WPLG-Laurie_Jennings.png,White,Female
01006-WPLG-Kristi_Krueger.png,White,Female
01007-WPLG-Jen_Herrera.png,White,Female
01008-WPLG-Constance_Jones.png,White,Female
01009-WPLG-MJ_Acosta.png,Asian,Female
01010-WPTV-Shannon_Cake.png,White,Female
01011-WPTV-Jay_Cashmere.png,White,Male
01012-WPTV-Kelley_Dunn.png,White,Female
01013-WPTV-John_Favole.png,White,Male
01014-WPTV-Keli_Fulton.png,Black,Female
01015-WPTV-Glenn_Glazer.png,White,Male
01016-WPTV-Kait_Parker.png,White,Female
01017-WPTV-Tania_Rogers.png,Black,Female
01018-WPTV-Jon_Shainman.png,White,Male
01019-WPTV-Roxanne_Stein.png,White,Female
01020-WPTV-Mike_Trim.png,White,Male
01021-WPTV-Steve_Weagle.png,White,Male
01022-WPTV-James_Wieland.png,White,Male
01023-WPTV-Michael_Williams.png,White,Male
01024-WPTV-Michelle_Wright.png,Black,Female
01025-WPVI-Shirleen_Allicot.png,Black,Female
01026-WPVI-Sarah_Bloomquist.png,White,Female
01027-WPVI-Tamala_Edwards.png,White,Female
01028-WPVI-Jim_Gardner.png,White,Male
01029-WPVI-Adam_Joseph.png,White,Male
01030-WPVI-Monica_Malpass.png,White,Female
01031-WPVI-David_Murphy.png,White,Male
01032-WPVI-Matt_O¡¯Donnell.png,White,Male
01033-WPVI-Karen_Rogers.png,White,Female
01034-WPVI-Brian_Taff.png,White,Male
01035-WPVI-Cecily_Tynan.png,White,Female
01036-WPVI-Alicia_Vitarelli.png,White,Female
01037-WPVI-Rick_Williams.png,Black,Male
01038-WRAL-Greg_Fishel.png,White,Male
01039-WRAL-Elizabeth_Gardner.png,White,Female
01040-WRAL-Mike_Maze.png,White,Male
01041-WRAL-Mike_Moss.png,White,Male
01042-WRAL-Aimee_Wilmoth.png,White,Female
01043-WRC-Chuck_Bell.png,White,Male
01044-WRC-Angie_Goff.png,White,Female
01045-WRC-Erika_Gonzalez.png,White,Female
01046-WRC-Molette_Green.png,Black,Female
01047-WRC-Veronica_Johnson.png,Black,Female
01048-WRC-Richard_Jordan.png,White,Male
01049-WRC-Tom_Kierein.png,White,Male
01050-WRC-Pat_Lawson_Muse.png,Black,Female
01051-WRC-Danella_Sealock.png,Black,Female
01052-WRC-Eun_Yang.png,Asian,Female
01053-WRC-Aaron_Gilchrist.png,Black,Male
01054-WREG-Kris_Anderson.png,White,Male
01055-WREG-Markova_Reed.png,Black,Female
01056-WRIC-John_Bernier.png,White,Male
01057-WRIC-Juan_Conde.png,White,Male
01058-WRIC-Matt_DiNardo.png,White,Male
01059-WRIC-Christina_Feerick.png,White,Female
01060-WSFA-Mark_Bullock.png,White,Male
01061-WSFA-Tametria_Conner.png,Asian,Female
01062-WSFA-Judd_Davis.png,White,Male
01064-WSFA-Valorie_Lawson.png,Black,Female
01065-WSFA-John_O¡¯Connor.png,White,Male
01066-WSFA-Sally_Pitts.png,White,Female
01067-WSFA-Eric_Snitil.png,White,Male
01068-WSFA-Monica_Tassoni.png,White,Female
01071-WSMV-Paul_Heggen.png,White,Male
01072-WSMV-Jennifer_Herron.png,White,Female
01073-WSMV-Ian_Reitz.png,White,Male
01074-WSMV-Holly_Thompson.png,White,Female
01077-WSVN-Julie_Durda.png,White,Female
01080-WSVN-Alexis_Rivera.png,White,Female
01082-WSVN-Vivian_Gonzalez.png,White,Female
01085-WTKR-Julie_Bickford.png,White,Female
01086-WTKR-Barbara_Ciara.png,Black,Female
01087-WTKR-Myles_Henderson.png,White,Male
01088-WTKR-Bianca_Martinez.png,Asian,Female
01090-WTKR-Kurt_Williams.png,Black,Male
01091-WTMJ-Mike_Jacobs.png,White,Male
01092-WTMJ-Susan_Kim.png,Asian,Female
01093-WTMJ-John_Malan.png,White,Male
01094-WTMJ-Carole_Meekins.png,White,Female
01095-WTMJ-Scott_Steele.png,White,Male
01096-WTMJ-Vince_Vitrano.png,White,Male
01097-WTNH-Darren_Kramer.png,White,Male
01098-WTSP-Charles_Billi.png,White,Male
01099-WTSP-Bobby_Deskins.png,White,Male
01100-WTSP-Ginger_Gadsden.png,Asian,Female
01101-WTSP-Reginald_Roundtree.png,Asian,Male
01102-WTSP-Jim_Van_Fleet.png,White,Male
01103-WTSP-Heather_Van_Nest.png,White,Female
01104-WTTG-Tucker_Barnes.png,White,Male
01105-WTTG-Wisdom_Martin.png,Black,Male
01106-WTTG-Allison_Seymour.png,Asian,Female
01107-WTTG-Sarah_Simmons.png,White,Female
01108-WTTG-Julie_Wright.png,White,Female
01109-WTVD-Scott_Dean.png,White,Male
01110-WTVF-Nick_Beres.png,White,Male
01112-WTVF-Dave_Nichols.png,White,Male
01113-WTVF-Lelan_Statom.png,Black,Male
01114-WTVF-Amy_Watson.png,White,Female
01115-WTVJ-Pam_Giganti.png,White,Female
01117-WTVJ-Sharon_Lawson.png,Black,Female
01118-WTVJ-John_Morales.png,White,Male
01119-WTVJ-Jackie_Nespral.png,White,Female
01121-WTVJ-Trina_Robinson.png,Black,Female
01123-WTVJ-Jennifer_Gray.png,White,Male
01124-WTVJ-Adam_Berg.png,White,Female
01125-WTVR-Julie_Bragg.png,White,Female
01126-WTVR-Zach_Daniel.png,White,Male
01128-WTVR-Lorenzo_Hall.png,Black,Male
01129-WTVR-Stephanie_Rochon.png,Asian,Female
01131-WTVT-Paul_Dellegatto.png,White,Male
01132-WTVT-Dave_Osterberg.png,White,Male
01133-WTVT-Kelly_Ring.png,White,Female
01134-WTVT-Cynthia_Smoot.png,White,Female
01135-WTVT-Denise_White.png,Black,Female
01136-WTVT-John_Wilson.png,White,Male
01137-WTVT-Mark_Wilson.png,White,Male
01138-WTXF-Kerry_Barrett.png,White,Female
01139-WTXF-Thomas_Drayton.png,Black,Male
01140-WTXF-Karen_Hepp.png,White,Female
01141-WTXF-Sue_Serio.png,White,Female
01142-WTXF-Scott_Williams.png,Black,Male
01143-WUSA-Howard_Bernstein.png,White,Male
01144-WUSA-Lesli_Foster.png,White,Female
01145-WUSA-Mike_Hydeck.png,White,Male
01146-WUSA-Andrea_Roane.png,Black,Female
01147-WUSA-Monika_Samtani.png,White,Female
01148-WVEC-David_Alan.png,White,Male
01149-WVEC-Lucy_Bustamante.png,White,Female
01150-WVEC-Vanessa_Coria.png,White,Female
01151-WVEC-Regina_Mobley.png,Black,Female
01152-WVEC-Lasalle_Blanks.png,White,Male
01153-WVEC-Jeff_Lawson.png,White,Male
01154-WVEC-Craig_Moeller.png,White,Male
01155-WVEC-Janet_Roach.png,Asian,Female
01156-WVIT-Brad_Drazen.png,White,Male
01157-WVIT-Jeff_Stoecker.png,White,Male
01158-WVIT-Todd_Piro.png,White,Male
01159-WVLT-Craig_Edwards.png,White,Male
01160-WVTM-Bettina_Boateng.png,Black,Female
01161-WVTM-Lisa_Crane.png,White,Female
01162-WVTM-Richard_Jacks.png,White,Male
01163-WVTM-Andrea_Lindenberg.png,White,Female
01164-WVTM-Harmony_Mendoza.png,White,Female
01165-WVTM-Mike_Royer.png,White,Male
01166-WVTM-Jerry_Tracey.png,White,Male
01167-WVTM-Stephanie_Walker.png,White,Female
01168-WWBT-Curt_Autry.png,White,Male
01169-WWBT-Jim_Duncan.png,White,Male
01170-WWBT-Andrew_Freiden.png,White,Male
01171-WWBT-Gray_Hall.png,Black,Male
01172-WWBT-Ryan_Nobles.png,White,Male
01173-WWBT-Sabrina_Squire.png,Black,Female
01174-WWBT-Heather_Sullivan.png,White,Female
01175-WWBT-Diane_Walker.png,Black,Female
01176-WWBT-Yvette_Yeon.png,Asian,Female
01177-WXIX-Sheila_Gray.png,White,Female
01179-WXIX-Rob_Williams.png,Black,Male
01180-WXYZ-Jeff_Vaughn.png,White,Male
01181-WXYZ-Stephen_Clark.png,White,Male
01182-WXYZ-Carolyn_Clifford.png,White,Female
01183-WXYZ-Chris_Edwards.png,White,Male
01184-WXYZ-Vic_Faust.png,White,Male
01185-WXYZ-Glenda_Lewis.png,White,Female
01186-WXYZ-Joanne_Purtan.png,White,Female
01187-WXYZ-Dave_Rexroth.png,White,Male
01188-WXYZ-Alicia_Smith.png,White,Female
01189-WXYZ-Keenan_Smith.png,Black,Male
01190-XETV-Sabrina_Fein.png,White,Female
01191-ABC15-Kirk_Yuhnke.png,White,Male
01192-CFN13-Marla_Weech.png,White,Female
01193-FOX_31-Ashley_Knight.png,White,Female
01194-FOX_31-Mike_Morrison.png,White,Male
01195-FOX_31-Romney_Smith.png,Black,Female
01196-FOX31-Kelly_D¡¯Ambrosio.png,White,Female
01197-FOX31-Melanie_Kendall.png,White,Female
01198-FOX31-Chris_Nisinger.png,White,Male
01199-KBAK-Lisa_Krch.png,White,Female
01200-KBAK-Leyla_Santiago.png,White,Female
01201-KCTV-Gary_Amble.png,White,Male
01202-KCTV-Karen_Fuller.png,White,Female
01203-KCTV-Kelly_Jones.png,White,Female
01204-KCTV-Brad_Stephens.png,White,Male
01205-KCTV-Matt_Stewart.png,White,Male
01206-KCTV-Chris_Suchan.png,White,Male
01207-KENS-Marvin_Hurst.png,Black,Male
01208-KENS-Fred_Lozano.png,White,Male
01209-KENS-Paul_Mireles.png,White,Male
01210-KENS-Joe_Reinagel.png,White,Male
01211-KENS-Natalie_Tejeda.png,White,Female
01212-KERO-Crystal.png,White,Female
01213-KFMB-Kimberly_King.png,White,Female
01214-KFOR-Linda_Cavanaugh.png,White,Female
01215-KFOR-Ali_Meyer.png,White,Female
01216-KFOR-Kevin_Ogle.png,White,Male
01217-KGO-Dan_Ashley.png,White,Male
01218-KGO-Larry_Beil.png,White,Male
01219-KGO-Spencer_Christian.png,White,Male
01220-KGO-Michael_Finney.png,White,Male
01221-KGO-Leigh_Glaser.png,White,Female
01223-KGO-Sandhya_Patel.png,White,Female
01224-KGO-Mike_Shumann.png,White,Male
01225-KGO-Carolyn_Tyler.png,White,Female
01226-KGO-Alan_Wang.png,Asian,Male
01227-KGUN-Aaron_Brackett.png,White,Male
01228-KGUN-Erin_Christiansen.png,White,Female
01229-KGUN-Steve_Nunez.png,White,Male
01230-KGUN-Jennifer_Waddell.png,White,Female
01231-KMBC-Bryan_Busby.png,Black,Male
01232-KMBC-Kelly_Eckerman.png,White,Female
01233-KMBC-Kris_Ketz.png,White,Male
01234-KMBC-Larry_Moore.png,White,Male
01235-KMBC-Lara_Moritz.png,White,Female
01236-KMBC-Joel_Nichols.png,White,Male
01237-KMBC-Donna_Pitman.png,White,Female
01238-KMSB-Gina_Trunzo.png,White,Female
01239-KNTV-Laura_Garcia-Cannon.png,White,Female
01240-KNTV-Jon_Kelley.png,White,Male
01241-KNTV-Tony_Kovaleski.png,White,Male
01242-KNTV-Christina_Loren.png,White,Female
01243-KNTV-Raj_Mathai.png,White,Male
01244-KNTV-Jeff_Ranieri.png,White,Male
01245-KOCO-Anita_Blanton.png,Black,Female
01246-KOCO-Damon.png,White,Male
01247-KOCO-Rick_Mitchell.png,White,Male
01248-KOCO-Maggie_Stokes.png,White,Female
01249-KOKH-Jaime_Cerreta.png,White,Female
01250-KOKH-Liz_Dueweke.png,White,Female
01251-KOKH-Jeff_George.png,White,Male
01252-KOKH-Joe_Gumm.png,White,Male
01253-KOLD-Chuck_George.png,White,Male
01254-KOLD-Scott_Kilbury.png,White,Male
01255-KOLD-Aaron_Pickering.png,White,Male
01256-KOLD-Kayna_Whitworth.png,White,Female
01257-KOLR-Ted_Keller.png,White,Male
01258-KOLR-Sonya_Kullmann.png,White,Female
01259-KOLR-Shannon.png,White,Female
01260-KOLR-Joy_Robertson.png,White,Female
01262-KPIX-Ken_Bastida.png,White,Male
01263-KPIX-Roberta_Gonzalez.png,White,Female
01264-KPIX-Lawrence_Karnow.png,White,Male
01265-KPIX-Dana_King.png,Black,Female
01266-KPIX-Grace_Lee.png,Asian,Female
01267-KPIX-Frank_Mallicoat.png,White,Male
01268-KPIX-Allen_Martin.png,White,Male
01269-KPIX-Julie_Watts.png,White,Female
01270-KPNX-Joe_Dana.png,White,Male
01271-KPRC-Wes_Hohenstein.png,White,Male
01272-KRON-Jacqueline_Bennett.png,White,Female
01274-KRON-James_Fletcher.png,White,Male
01277-KSAT-Mike_Osterhage.png,White,Male
01278-KSAT-Greg_Simmons.png,White,Male
01279-KSAT-Officer_Marcus_Trujillo.png,White,Male
01280-KSHB-Elizabeth_Alex.png,White,Female
01281-KSHB-Brett_Anthony.png,White,Male
01282-KSHB-Mark_Clegg.png,White,Male
01283-KSHB-Christa_Dubill.png,White,Female
01284-KSHB-Jack_Harry.png,White,Male
01285-KSHB-Curtis_Jay.png,White,Male
01287-KSHB-JiaoJiao_Shen.png,Asian,Female
01288-KSPR-Aaron_Boll.png,White,Male
01289-KSPR-Joe_Daues.png,White,Male
01291-KTVK-Patti_Kirkpatrick.png,White,Female
01292-KTVK-Fields_Moseley.png,White,Male
01293-KTVK-Carey_Pena.png,White,Female
01294-KTVU-Tori_Campbell.png,White,Female
01295-KTVU-Dave_Clark.png,Black,Male
01296-KTVU-Pam_Cook.png,White,Female
01297-KTVU-Bill_Martin.png,White,Male
01298-KTVU-Steve_Paulson.png,White,Male
01299-KTVU-Frank_Somerville.png,White,Male
01300-KVOA-Rob_Guarino.png,White,Male
01301-KVOA-Tom_McNamara.png,White,Male
01302-KVOA-Chris_Nallan.png,White,Male
01303-KVOA-Kristi_Tedesco.png,White,Female
01305-KWTV-Robin_Marsh.png,White,Female
01306-KWTV-Lauren_Nelson.png,White,Female
01307-KWTV-Kelly_Ogle.png,White,Male
01308-KY3-Brandon_Beck.png,White,Male
01309-KY3-Sarah_Jones.png,White,Female
01310-WABC-Sade_Baderinwa.png,Black,Female
01311-WABC-Liz_Cho.png,White,Female
01312-WABC-Lee_Goldberg.png,White,Male
01313-WABC-David_Novarro.png,White,Male
01314-WABC-Bill_Ritter.png,White,Male
01315-WABC-Jeff.png,White,Male
01316-WABC-Diana_Williams.png,White,Female
01317-WBBH-Kellie_Burns.png,White,Female
01318-WBBH-Len_Jennings.png,White,Male
01319-WBBH-Clay.png,White,Male
01320-WBBH-Heather_Turco.png,White,Female
01321-WBBH-Robert_Van_Winkle.png,White,Male
01322-WBBM-Diann_Burns.png,White,Female
01323-WBBM-Susan_Carlson.png,White,Female
01324-WBBM-Rob_Johnson.png,White,Male
01325-WBBM-Kate_Sullivan.png,White,Female
01326-WBBM-Jim_Williams.png,White,Male
01327-WBBM-Derrick_Young.png,Black,Male
01328-WBZ-Todd_Gutner.png,White,Male
01329-WBZ-David_Wade.png,White,Male
01330-WCBS-Maurice_DuBois.png,White,Male
01331-WCBS-Kristine_Johnson.png,White,Female
01332-WCBS-Rob_Morrison.png,White,Male
01334-WCBS-Dana_Tyler.png,White,Female
01335-WCBS-Chris_Wragge.png,White,Male
01336-WCPO-Lance_Barry.png,White,Male
01338-WCPO-Brendan_Keefe.png,White,Male
01339-WCPO-Julie_O¡¯Neill.png,White,Female
01340-WCPO-Tanya_O¡¯Rourke.png,White,Female
01341-WCPO-Steve_Raleigh.png,White,Male
01342-WCPO-Carol_Williams.png,White,Female
01343-WCVB-David_Brown.png,White,Male
01344-WCVB-Bianca_de_la_Garza.png,White,Female
01345-WCVB-Dorothy_Krysiuk.png,White,Female
01346-WCVB-Harvey_Leonard.png,White,Male
01347-WCVB-J.C._Monahan.png,White,Female
01348-WCVB-Randy_Price.png,White,Male
01349-WCVB-Emily_Riemer.png,White,Female
01350-WCVB-Mike_Wankum.png,White,Male
01351-WDAF-Mark_Alford.png,White,Male
01352-WDAF-Abby_Eden.png,White,Female
01353-WDAF-Loren_Halifax.png,White,Female
01354-WDAF-Susan_Hiland.png,White,Female
01355-WDAF-John_Holt.png,White,Male
01356-WDAF-Karli_Ritter.png,White,Female
01357-WDAF-Mike_Thompson.png,White,Male
01358-WDAF-Phil_Witt.png,White,Male
01359-WDIV-Andrew_Humphrey.png,Black,Male
01360-WESH-Syan_Rhodes.png,Black,Female
01361-WFLD-Robin_Robinson.png,Black,Female
01362-WFLD-Bob_Sirott.png,White,Male
01363-WFLD-Sondra_Solarte.png,White,Female
01364-WFOR-David_Bernard.png,White,Male
01365-WFOR-Lissette_Gonzales.png,White,Female
01366-WFOR-Shannon_Hori.png,Asian,Female
01367-WFOR-Antonio_Mora.png,White,Male
01368-WFTV-Jamie_Holmes.png,White,Male
01369-WFTV-Brian_Shields.png,White,Male
01370-WFTX-Jim_Syoen.png,White,Male
01371-WFXT-Cindy_Fitzgibbon.png,White,Female
01372-WFXT-Gene_Lavanchy.png,White,Male
01373-WFXT-Kevin_Lemanowicz.png,White,Male
01374-WFXT-Shannon_Mulaire.png,White,Female
01375-WGN-Lourdes_Duarte.png,White,Female
01377-WGN-Paul_Konrad.png,White,Male
01378-WGN-Micah.png,White,Female
01379-WGN-Mark_Suppelsa.png,White,Male
01382-WHBQ-Darrell_Greene.png,White,Male
01384-WHBQ-Joey_Sulipeck.png,White,Male
01386-WHDH-Anne_Allred.png,White,Female
01387-WHDH-Pete_Bouchard.png,White,Male
01388-WHDH-Dylan_Dreyer.png,White,Female
01389-WHDH-Adam_Williams.png,White,Male
01390-WINK-Stacey_Adams.png,White,Female
01391-WINK-Chris_Cifatte.png,White,Male
01392-WINK-Jim_Farrell.png,White,Male
01393-WINK-Kyle_Jordan.png,White,Male
01395-WINK-Rob_Spicker.png,White,Male
01396-WINK-Jennifer_Stacy.png,White,Female
01397-WINK-Lois_Thome.png,White,Female
01399-WISH-Steve_Bray.png,White,Male
01400-WISH-Angela_Buchman.png,White,Female
01401-WISH-Debby_Knox.png,White,Female
01402-WISH-Lauren_Lowrey.png,White,Female
01403-WISH-Randy_Ollis.png,White,Male
01404-WISH-Scott_Sander.png,White,Male
01405-WJW-Scott_Sabol.png,White,Male
01406-WKRC-Liz_Bonis.png,White,Female
01407-WKRC-Rob_Braun.png,White,Male
01410-WKRN-Samantha_Fisher.png,White,Female
01412-WKRN-Bob_Mueller.png,White,Male
01413-WKRN-Lisa_Patton.png,White,Female
01414-WKYC-Hollie_Strano.png,White,Female
01415-WLS-Ravi_Baichwal.png,White,Male
01416-WLS-Kathy_Brock.png,White,Female
01417-WLS-Cheryl_Burton.png,White,Female
01418-WLS-Judy_Hsu.png,Asian,Female
01419-WLS-Karen_Jordan.png,Black,Female
01420-WLS-Alan_Krashesky.png,White,Male
01421-WLS-Ron_Magers.png,White,Male
01422-WLS-Sylvia_Perez.png,White,Female
01423-WLS-Jerry_Taft.png,White,Male
01424-WLS-Roz_Varon.png,White,Female
01425-WLS-Linda_Yu.png,Asian,Female
01426-WLWT-Mike_Dardis.png,White,Male
01427-WLWT-Sheree_Paolello.png,White,Female
01428-WLWT-Kevin_Robinson.png,Black,Male
01429-WMAQ-Marion_Brooks.png,White,Female
01430-WMAQ-Rob_Elgas.png,White,Male
01431-WMAQ-Matt_Rodewald.png,White,Male
01432-WMAQ-Alison_Rosati.png,White,Female
01433-WMAQ-Rob_Stafford.png,White,Male
01434-WMAQ-Kim_Vatis.png,White,Female
01435-WMC-Dave_Brown.png,White,Male
01436-WMC-John_Bryant.png,White,Male
01437-WMC-Ron_Childers.png,White,Male
01438-WMC-Jarvis_Greer.png,Black,Male
01439-WMC-Justin_Hanson.png,White,Male
01440-WMC-Ursula_Madden.png,Black,Female
01441-WMC-Tim_Van_Horn.png,White,Male
01442-WMC-Andy_Wise.png,White,Male
01443-WMC-Joe_Birch.png,White,Male
01444-WNBC-Janice_Huff.png,Asian,Female
01445-WNBC-Chuck_Scarborough.png,White,Male
01446-WNBC-Sue_Simmons.png,White,Female
01447-WNYW-Dari_Alexander.png,White,Female
01448-WNYW-Ernie_Anastos.png,White,Male
01449-WNYW-Nick_Gregory.png,White,Male
01450-WNYW-Steve_Lacy.png,White,Male
01452-WOAI-Leslie_Bohl_Jones.png,White,Female
01453-WOAI-Don_Harris.png,White,Male
01454-WOAI-Delaine_Mathieu.png,White,Female
01455-WOAI-Shelly.png,White,Female
01456-WOAI-Elsa_Ramon.png,White,Female
01457-WOIO-Jason_Handman.png,White,Male
01458-WOIO-Jenn_Harcher.png,White,Female
01459-WPBF-Victor_Blackwell.png,Black,Male
01460-WPEC-Juan_Carlos_Fanjul.png,White,Male
01462-WPIX-Frances_Rivera.png,Asian,Female
01463-WPIX-Craig_Treadway.png,Black,Male
01464-WPLG-Jason_Martinez.png,White,Male
01465-WPLG-Scott_Padgett.png,White,Male
01466-WPTY-Rodney_Dunigan.png,Black,Male
01467-WPTY-Joyce_Peterson.png,White,Female
01468-WPTY-Mark_Walden.png,Black,Male
01469-WRAL-David_Crabtree.png,White,Male
01470-WRAL-Debra_Morgan.png,White,Female
01471-WRAL-Gerald_Owens.png,Black,Male
01472-WREG-Claudia_Barr.png,Black,Female
01474-WREG-Richard_Ransom.png,White,Male
01475-WREG-Jim_Jaggers.png,White,Male
01476-WREG-Tim_Simpson.png,White,Male
01477-WRTV-Todd_Connor.png,White,Male
01478-WRTV-Ericka_Flye.png,Black,Female
01479-WRTV-Kevin_Gregory.png,White,Male
01480-WRTV-Todd_Klaassen.png,White,Male
01481-WRTV-Jenna_Kooi.png,White,Female
01482-WRTV-Stephanie_Ortmann.png,White,Female
01483-WRTV-Chris_Proffitt.png,White,Male
01484-WRTV-Grace_Trahan.png,Asian,Female
01485-WSMV-Jennifer_Johnson.png,White,Female
01486-WSMV-Demetria_Kalodimos.png,White,Female
01487-WSMV-Tom_Randles.png,Black,Male
01488-WSMV-Lisa_Spencer.png,White,Female
01489-WTHR-Chuck_Lofton.png,White,Male
01490-WTHR-Julia_Moffitt.png,White,Female
01491-WTHR-Chris_Wright.png,Black,Male
01492-WTOL-Chrys_Peterson.png,White,Female
01493-WTOL-Emily_Voss.png,White,Female
01494-WTOL-Jonathan_Walsh.png,White,Male
01495-WTVD-Steve_Daniels.png,White,Male
01496-WTVD-Tisha_Powell.png,Black,Female
01497-WTVD-Frances_Scott.png,White,Female
01498-WTVF-Ron_Howes.png,White,Male
01499-WTVF-Rhori_Johnston.png,White,Male
01500-WTVF-Kristin_Priesol.png,White,Female
01501-WTVF-Vicki_Yates.png,White,Female
01502-WTVJ-Keith_Jones.png,White,Male
01503-WTVJ-Shiri_Spear.png,White,Female
01504-WTVJ-Roxanne_Vargas.png,White,Female
01505-WXIN-Ray_Cortopassi.png,White,Male
01506-WXIN-Angela_Ganote.png,White,Female
01507-WXYZ-Diana_Lewis.png,Asian,Female
01508-WZVN-John_Patrick.png,White,Male
